first_name	last_name	email	password	country_code	attempt_count	last_attempt_at	last_error_code	last_error_message	success_at	captcha_flagged_at	location_street_address	location_city	location_state	location_post_code	birth_date						
Harper	Phillips	harperp03@outlook.com	workhard2025!	US	0	2025-08-18 01:44:00.094			2025-08-18 01:46:07.553		120 Market St	San Francisco	CA	94105	1993-07-20						
Zoe	Bennett	zoe.bennet03@outlook.com	workhard2025!	US	0						1200 Market St	San Francisco	CA	94102	1993-04-30						
Damian	Foster	d.foster91@outlook.com	workhard2025!	US	0						88 Broadway	New York	NY	10004	1991-09-05						
Owen	Simmons	owen_simmons82@outlook.com	workhard2025!	US	0						230 Ocean Dr	Miami	FL	33139	1982-05-14						
Lila	Cooper	lilacooper_98@outlook.com	workhard2025!	UK	0						400 W Madison St	Chicago	IL	60606	1998-11-01						
Charlotte	Harris	charlotte.harris.uk88@example.com	workhard2025!	UK	0						75 High St	Birmingham	England	B4 7SL	1988-11-03						
Anthony	Ward	anthonyw65@outlook.com	workhard2025!	UK	0						22 Baker St	London	England	W1U 3BW	1965-08-25						
Stella	Parker	s.parker19@outlook.com	workhard2025!	UK	0						10 King St	Manchester	England	M2 4SH	1991-02-07						
Emily	Clarke	emily.clarke.au91@outlook.com	workhard2025!	AU	0						45 George St	Sydney	NSW	2000	1991-05-14						
Liam	Nguyen	liam.nguyen.dev87@outlook.com	workhard2025!	AU	0						120 Collins St	Melbourne	VIC	3000	1987-11-22						
Ayu	Pratama	ayu.pratama.id94@outlook.com	workhard2025!	ID	0						Jl. Sudirman No.10	Jakarta	DKI Jakarta	10220	1994-03-05						
Budi	Santoso	budi.santoso.pm89@outlook.com	workhard2025!	ID	0						Jl. Asia Afrika No.45	Bandung	West Java	40111	1989-09-18						
Ethan	Walker	ethan.walker.us90@outlook.com	workhard2025!	US	0						200 Broadway	New York	NY	10007	1990-04-12						
Ava	Martinez	ava.martinez.us85@outlook.com	workhard2025!	US	0						400 Michigan Ave	Chicago	IL	60611	1985-09-30						
Mason	Roberts	mason.roberts.us92@outlook.com	workhard2025!	US	0						50 State St	Boston	MA	2109	1992-02-08						
